origin,destination,count
BS,MU,256
BS,PR,238
MU,PR,237
BS,FRE,131
MU,FRE,129
PR,FRE,137
BS,LST,368
MU,LST,147
PR,LST,137
FRE,LST,137
BS,LSN,145
MU,LSN,143
PR,LSN,127
FRE,LSN,135
LST,LSN,143
BS,SIS,247
MU,SIS,147
PR,SIS,129
FRE,SIS,130
LST,SIS,244
LSN,SIS,145
BS,GKD,184
MU,GKD,145
PR,GKD,127
FRE,GKD,133
LST,GKD,182
LSN,GKD,148
SIS,GKD,186
BS,MOU,35
TA,MOU,82
BS,DMT,101
MU,DMT,57
PR,DMT,53
FRE,DMT,53
LST,DMT,57
LSN,DMT,57
SIS,DMT,57
GKD,DMT,57
TA,DMT,1
MOU,DMT,115
BS,LFN,161
MU,LFN,97
PR,LFN,89
FRE,LFN,89
LST,LFN,97
LSN,LFN,97
SIS,LFN,97
GKD,LFN,97
MOU,LFN,54
DMT,LFN,194
BS,ZWG,139
MU,ZWG,105
PR,ZWG,97
FRE,ZWG,97
LST,ZWG,105
LSN,ZWG,105
SIS,ZWG,105
GKD,ZWG,105
DMT,ZWG,85
LFN,ZWG,294
BS,GREL,139
MU,GREL,105
PR,GREL,97
FRE,GREL,97
LST,GREL,105
LSN,GREL,105
SIS,GREL,105
GKD,GREL,105
DMT,GREL,70
LFN,GREL,279
ZWG,GREL,299
BS,AE,248
MU,AE,123
PR,AE,115
FRE,AE,115
LST,AE,123
LSN,AE,123
SIS,AE,123
GKD,AE,123
DMT,AE,70
LFN,AE,336
ZWG,AE,299
GREL,AE,299
BS,DOR,248
MU,DOR,123
PR,DOR,115
FRE,DOR,115
LST,DOR,123
LSN,DOR,123
SIS,DOR,123
GKD,DOR,123
DMT,DOR,65
LFN,DOR,176
ZWG,DOR,139
GREL,DOR,139
AE,DOR,248
BS,POR,52
MU,POR,48
PR,POR,45
FRE,POR,45
LST,POR,48
LSN,POR,48
SIS,POR,48
GKD,POR,48
MOU,POR,48
DMT,POR,172
LFN,POR,102
ZWG,POR,55
GREL,POR,53
AE,POR,53
DOR,POR,52
BS,BSDH,248
MU,BSDH,123
PR,BSDH,115
FRE,BSDH,115
LST,BSDH,123
LSN,BSDH,123
SIS,BSDH,123
GKD,BSDH,123
DMT,BSDH,65
LFN,BSDH,119
ZWG,BSDH,139
GREL,BSDH,139
AE,BSDH,248
DOR,BSDH,248
POR,BSDH,52
BS,OL,518
MU,OL,141
PR,OL,123
FRE,OL,123
LST,OL,307
LSN,OL,138
SIS,OL,235
GKD,OL,182
DMT,OL,57
LFN,OL,97
ZWG,OL,105
GREL,OL,105
AE,OL,123
DOR,OL,123
POR,OL,48
BSDH,OL,123
GS,OL,117
SW,OL,99
SO,OL,317
OEN,OL,192
EG,OL,138
BS,KAU,103
MU,KAU,103
PR,KAU,103
BS,RF,310
MU,RF,107
PR,RF,108
KAU,RF,103
BS,MOE,106
MU,MOE,105
PR,MOE,106
KAU,MOE,103
RF,MOE,106
BS,FCK,258
MU,FCK,54
PR,FCK,55
KAU,FCK,50
RF,FCK,257
MOE,FCK,53
BS,BG,228
MU,BG,11
PR,BG,12
GS,BG,1
SO,BG,1
OEN,BG,1
OL,BG,306
KAU,BG,7
RF,BG,214
MOE,BG,10
FCK,BG,214
BS,STS,178
MU,STS,99
PR,STS,100
KAU,STS,99
RF,STS,178
MOE,STS,100
FCK,STS,129
BG,STS,86
BS,VI,68
LST,VI,8
OL,VI,75
GE,VI,134
GEAP,VI,122
NY,VI,93
GLA,VI,5
ROL,VI,1
MOR,VI,93
REN,VI,38
LS,VI,141
VV,VI,142
MX,VI,143
AIG,VI,144
BEX,VI,11
SM,VI,186
MTH,VI,107
MA,VI,306
SIO,VI,310
SIE,VI,310
LK,VI,232
BS,BR,96
LST,BR,12
OL,BR,105
GE,BR,157
GEAP,BR,122
NY,BR,93
GLA,BR,5
ROL,BR,1
MOR,BR,93
REN,BR,38
LS,BR,166
VV,BR,142
MX,BR,152
AIG,BR,144
BEX,BR,11
SM,BR,186
MTH,BR,107
MA,BR,306
SIO,BR,319
SIE,BR,310
LK,BR,232
VI,BR,491
BS,ZF,55
MU,ZF,2
LST,ZF,53
SIS,ZF,42
GKD,ZF,37
OL,ZF,239
BG,ZF,72
GE,ZF,66
GEAP,ZF,66
NY,ZF,66
MOR,ZF,66
LS,ZF,92
ABO,ZF,172
BS,SS,52
MU,SS,2
LST,SS,50
SIS,SS,39
GKD,SS,35
OL,SS,217
BG,SS,72
GE,SS,66
GEAP,SS,66
NY,SS,66
MOR,SS,66
LS,SS,92
ABO,SS,159
ZF,SS,358
REID,SS,159
NEB,SS,221
BS,EBR,3
LST,EBR,3
OL,EBR,46
ABO,EBR,42
ZF,EBR,46
REID,EBR,42
NEB,EBR,102
SS,EBR,268
SEM,EBR,266
RBGD,EBR,161
RBG,EBR,159
BS,AA,53
LST,AA,53
SIS,AA,55
GS,AA,23
SO,AA,113
OEN,AA,10
OL,AA,580
FCK,AA,1
BG,AA,376
GE,AA,85
GEAP,AA,78
NY,AA,9
MOR,AA,94
LS,AA,14
VI,AA,4
BR,AA,7
ABO,AA,167
ZF,AA,73
REID,AA,73
NEB,AA,73
SS,AA,73
SUHR,AA,144
BS,LB,54
LST,LB,53
SIS,LB,55
GS,LB,4
SO,LB,4
OEN,LB,1
OL,LB,178
FCK,LB,1
BG,LB,122
GE,LB,2
GEAP,LB,2
LS,LB,2
VI,LB,1
BR,LB,1
ABO,LB,91
ZF,LB,70
EBR,LB,98
HO,LB,68
GSAG,LB,65
SUHR,LB,135
AA,LB,452
RU,LB,169
BS,RK,12
LST,RK,6
OL,RK,56
SS,RK,141
SEM,RK,141
RBGD,RK,141
RBG,RK,141
EBR,RK,141
GSAG,RK,141
AA,RK,44
RU,RK,1
LB,RK,100
EBI,RK,171
BS,ZUE,769
MU,ZUE,2
PR,ZUE,3
LST,ZUE,53
SIS,ZUE,55
GS,ZUE,66
SO,ZUE,173
OEN,ZUE,50
OL,ZUE,339
RF,ZUE,143
MOE,ZUE,2
FCK,ZUE,143
BG,ZUE,461
STS,ZUE,79
KB,ZUE,12
GE,ZUE,173
GEAP,ZUE,162
NY,ZUE,10
MOR,ZUE,111
BY,ZUE,2
LS,ZUE,128
VI,ZUE,79
BR,ZUE,82
ZF,ZUE,2
AA,ZUE,406
RU,ZUE,60
LB,ZUE,241
EBI,ZUE,14
RK,ZUE,178
CHAM,ZUE,14
ZG,ZUE,406
BAA,ZUE,145
HGO,ZUE,88
ORDD,ZUE,88
MI,ZUE,14
URD,ZUE,166
BIR,ZUE,166
BON,ZUE,166
HED,ZUE,166
AF,ZUE,166
MTM,ZUE,102
URDW,ZUE,166
BS,ZAS,66
MU,ZAS,2
PR,ZAS,2
OL,ZAS,48
RF,ZAS,64
MOE,ZAS,1
FCK,ZAS,64
BG,ZAS,317
KB,ZAS,12
AA,ZAS,111
RU,ZAS,28
LB,ZAS,106
ZG,ZAS,87
MI,ZAS,14
URD,ZAS,166
BIR,ZAS,166
BON,ZAS,166
HED,ZAS,166
AF,ZAS,166
MTM,ZAS,102
URDW,ZAS,166
ZUE,ZAS,720
BS,ZOER,66
MU,ZOER,2
PR,ZOER,2
GS,ZOER,33
SO,ZOER,33
OEN,ZOER,32
OL,ZOER,38
RF,ZOER,64
MOE,ZOER,1
FCK,ZOER,64
BG,ZOER,66
KB,ZOER,12
GE,ZOER,1
GEAP,ZOER,1
LS,ZOER,32
AA,ZOER,5
LB,ZOER,5
ZG,ZOER,85
BAA,ZOER,85
HGO,ZOER,85
ORDD,ZOER,85
URD,ZOER,63
BIR,ZOER,63
BON,ZOER,63
HED,ZOER,63
AF,ZOER,63
URDW,ZOER,63
ZUE,ZOER,1268
ZAS,ZOER,196
ZSTH,ZOER,463
ZTB,ZOER,197
BS,ZFH,137
MU,ZFH,4
PR,ZFH,4
LST,ZFH,8
SIS,ZFH,8
GS,ZFH,33
SO,ZFH,33
OEN,ZFH,32
OL,ZFH,61
RF,ZFH,128
MOE,ZFH,2
FCK,ZFH,128
BG,ZFH,129
GE,ZFH,26
GEAP,ZFH,25
LS,ZFH,59
VI,ZFH,39
BR,ZFH,39
AA,ZFH,13
LB,ZFH,13
EBI,ZFH,2
RK,ZFH,30
CHAM,ZFH,1
ZG,ZFH,115
BAA,ZFH,115
HGO,ZFH,85
ORDD,ZFH,85
ZUE,ZFH,642
ZAS,ZFH,71
ZSTH,ZFH,94
ZTB,ZFH,94
ZOER,ZFH,474
ZWOL,ZFH,80
ZEN,ZFH,203
ZWIE,ZFH,202
ZWIP,ZFH,94
BS,TG,4
OL,TG,261
RF,TG,4
FCK,TG,4
BG,TG,600
STS,TG,4
KB,TG,108
ABO,TG,155
ZF,TG,65
REID,TG,65
NEB,TG,65
SS,TG,65
AA,TG,328
RU,TG,231
LB,TG,121
ZUE,TG,271
ZAS,TG,263
ZSTH,TG,242
ZOER,TG,12
ZHDB,TG,246
WS,TG,12
STET,TG,242
PFZ,TG,7
FET,TG,7
IL,TG,7
EF,TG,32
DTL,TG,34
ZZ,TG,46
NH,TG,74
SH,TG,74
DOE,TG,108
BS,BD,211
MU,BD,4
PR,BD,5
GS,BD,1
SO,BD,1
OEN,BD,1
OL,BD,229
RF,BD,207
MOE,BD,3
FCK,BD,207
BG,BD,710
STS,BD,79
KB,BD,93
LS,BD,1
ABO,BD,90
AA,BD,255
RU,BD,121
LB,BD,121
ZUE,BD,538
ZAS,BD,329
ZSTH,BD,316
ZTB,BD,74
ZOER,BD,153
ZSEB,BD,75
ZAF,BD,75
ZFH,BD,129
ZHDB,BD,321
ZK,BD,62
KUES,BD,62
ERLB,BD,62
HERL,BD,62
ML,BD,62
UET,BD,62
WS,BD,12
KGO,BD,62
STET,BD,242
PFZ,BD,7
FET,BD,7
IL,BD,7
EF,BD,32
DTL,BD,34
ZZ,BD,43
NH,BD,74
SH,BD,74
DOE,BD,93
TG,BD,547
BS,DT,66
MU,DT,2
PR,DT,2
OL,DT,10
RF,DT,64
MOE,DT,1
FCK,DT,64
BG,DT,317
KB,DT,12
AA,DT,105
RU,DT,28
LB,DT,100
MI,DT,14
ZUE,DT,512
ZAS,DT,512
ZSTH,DT,346
ZOER,DT,130
ZFH,DT,70
ZHDB,DT,362
WS,DT,59
STET,DT,345
PFZ,DT,20
FET,DT,20
IL,DT,20
EF,DT,80
DTL,DT,82
NH,DT,74
SH,DT,74
DOE,DT,12
TG,DT,263
BD,DT,329
WE,DT,263
KLW,DT,323
BS,BI,35
TA,BI,8
MOU,BI,121
DMT,BI,113
LFN,BI,54
POR,BI,48
GS,BI,156
SW,BI,84
SO,BI,263
OEN,BI,99
EG,BI,45
OL,BI,224
BG,BI,1
GE,BI,106
GEAP,BI,99
NY,BI,10
MOR,BI,117
BY,BI,2
LS,BI,61
AA,BI,113
LB,BI,4
ZUE,BI,173
ZOER,BI,33
ZFH,BI,33
BD,BI,1
YV,BI,180
NE,BI,244
BS,LZ,144
MU,LZ,2
LST,LZ,63
SIS,LZ,39
GKD,LZ,35
OL,LZ,197
GE,LZ,66
GEAP,LZ,66
NY,LZ,66
MOR,LZ,66
LS,LZ,92
ABO,LZ,43
ZF,LZ,193
REID,LZ,43
NEB,LZ,102
SS,LZ,448
SEM,LZ,268
RBGD,LZ,161
RBG,LZ,159
EBR,LZ,365
HO,LZ,100
GSAG,LZ,257
LB,LZ,65
EBI,LZ,164
RK,LZ,221
CHAM,LZ,163
ZG,LZ,245
BAA,LZ,186
MI,LZ,1
ZUE,LZ,96
ZEN,LZ,5
ZFH,LZ,30
RW,LZ,52
SCME,LZ,52
UZ,LZ,52
TW,LZ,88
PF,LZ,52
BIB,LZ,52
PAL,LZ,92
ROM,LZ,92
FRI,LZ,94
BS,GD,90
LST,GD,13
OL,GD,97
RK,GD,138
ZG,GD,82
ZUE,GD,102
RW,GD,60
SCME,GD,52
UZ,GD,52
PF,GD,60
BIB,GD,97
LZ,GD,275
KUE,GD,136
BS,SCHW,56
LST,SCHW,4
OL,SCHW,56
RK,SCHW,71
ZG,SCHW,24
ZUE,SCHW,28
LZ,SCHW,102
KUE,SCHW,43
GD,SCHW,180
BS,BRU,56
LST,BRU,4
OL,BRU,56
RK,BRU,72
ZG,BRU,25
ZUE,BRU,29
LZ,BRU,102
KUE,BRU,43
GD,BRU,181
SCHW,BRU,180
BS,FL,56
LST,FL,4
OL,FL,57
RK,FL,77
ZG,FL,31
ZUE,FL,35
LZ,FL,64
KUE,FL,4
GD,FL,150
SCHW,FL,139
BRU,FL,140
BS,ER,56
LST,ER,4
OL,ER,56
RK,ER,27
ZG,ER,23
ZUE,ER,27
LZ,ER,63
KUE,ER,4
GD,ER,99
SCHW,ER,97
BRU,ER,97
FL,ER,98
BS,GOE,11
OL,GOE,11
RK,GOE,9
ZG,GOE,9
ZUE,GOE,9
LZ,GOE,13
GD,GOE,24
SCHW,GOE,22
BRU,GOE,22
FL,GOE,24
ER,GOE,73
BS,BIA,5
OL,BIA,6
LZ,BIA,6
GD,BIA,6
FL,BIA,2
ER,BIA,51
GOE,BIA,52
BS,BEL,32
LST,BEL,9
OL,BEL,38
RK,BEL,69
ZG,BEL,64
ZUE,BEL,81
LZ,BEL,48
GD,BEL,119
FL,BEL,10
ER,BEL,51
GOE,BEL,54
BIA,BEL,135
BS,LG,29
LST,LG,9
OL,LG,35
RK,LG,55
ZG,LG,51
ZUE,LG,64
LZ,LG,40
GD,LG,103
FL,LG,10
ER,LG,42
GOE,LG,45
BIA,LG,64
BEL,LG,323
GIU,LG,200
BS,MEN,7
OL,MEN,9
RK,MEN,5
ZG,MEN,5
ZUE,MEN,5
LZ,MEN,9
GD,MEN,14
FL,MEN,4
BIA,MEN,16
BEL,MEN,152
GIU,MEN,132
LG,MEN,221
BS,CHI,9
OL,CHI,10
RK,CHI,16
ZG,CHI,21
ZUE,CHI,22
LZ,CHI,10
GD,CHI,32
FL,CHI,4
BIA,CHI,14
BEL,CHI,129
GIU,CHI,91
LG,CHI,187
MEN,CHI,266
BS,LO,3
OL,LO,3
RK,LO,19
ZG,LO,18
ZUE,LO,22
LZ,LO,6
GD,LO,19
BRU,LO,1
FL,LO,1
BIA,LO,49
BEL,LO,143
GIU,LO,123
BS,W,9
LST,W,9
SIS,W,9
GS,W,33
SO,W,33
OEN,W,32
OL,W,56
BG,W,242
GE,W,26
GEAP,W,25
LS,W,59
VI,W,39
BR,W,39
AA,W,92
RU,W,22
LB,W,92
EBI,W,1
RK,W,29
ZG,W,92
BAA,W,92
HGO,W,63
ORDD,W,63
ZUE,W,932
ZAS,W,345
ZSTH,W,443
ZTB,W,2
ZOER,W,381
ZWOL,W,203
ZEN,W,203
ZWIE,W,203
ZWIP,W,66
ZFH,W,324
ZHDB,W,435
ML,W,79
UET,W,79
MAEN,W,79
STAE,W,79
UER,W,78
RW,W,79
RUE,W,59
WS,W,141
STET,W,353
KIL,W,203
RUES,W,203
TW,W,232
ORD,W,140
HG,W,140
WAE,W,140
RI,W,140
PF,W,140
LA,W,77
SIB,W,77
ZB,W,77
EF,W,321
DTL,W,172
BSD,W,151
KL,W,83
OP,W,83
BUE,W,89
NH,W,165
SH,W,165
TG,W,242
BD,W,242
WE,W,242
KLW,W,305
DT,W,345
SCHL,W,345
NHOF,W,127
GLZB,W,345
FRI,W,29
YV,W,31
NE,W,31
BI,W,33
LZ,W,29
BS,SG,8
LST,SG,8
SIS,SG,8
GS,SG,33
SO,SG,33
OEN,SG,32
OL,SG,35
GE,SG,26
GEAP,SG,25
LS,SG,59
AA,SG,8
LB,SG,8
ZUE,SG,155
ZOER,SG,88
ZFH,SG,133
RW,SG,67
SCME,SG,68
UZ,SG,111
PF,SG,57
BIB,SG,57
SH,SG,74
FRI,SG,29
YV,SG,31
NE,SG,31
BI,SG,33
LZ,SG,52
KUE,SG,52
GD,SG,52
W,SG,169
WGR,SG,8
AD,SG,14
EL,SG,16
WF,SG,60
RH,SG,157
KRH,SG,147
KR,SG,87
STR,SG,75
WA,SG,147
UZW,SG,211
FLA,SG,211
GSS,SG,273
HE,SG,233
DG,SG,87
BS,SMG,4
LST,SMG,4
SIS,SMG,4
AA,SMG,4
LB,SMG,6
ZUE,SMG,48
ZOER,SMG,30
ZFH,SMG,43
UZ,SMG,36
W,SMG,49
WGR,SMG,2
AD,SMG,4
EL,SMG,4
WA,SMG,70
UZW,SMG,37
FLA,SMG,37
GSS,SMG,37
HE,SMG,73
DG,SMG,70
SG,SMG,175
SGF,SMG,129
GOL,SMG,129
RS,SMG,294
RCK,SMG,227
BS,BN,231
LST,BN,101
SIS,BN,3
SO,BN,96
OL,BN,424
BG,BN,33
GE,BN,143
GEAP,BN,138
NY,BN,68
MOR,BN,68
LS,BN,187
VI,BN,176
BR,BN,223
ZF,BN,98
SS,BN,96
SEM,BN,2
AA,BN,52
LB,BN,12
RK,BN,4
ZUE,BN,292
ZAS,BN,36
ZOER,BN,3
ZFH,BN,90
TG,BN,2
BD,BN,33
DT,BN,2
PAL,BN,105
ROM,BN,134
FRI,BN,309
MRT,BN,1
PAY,BN,1
NE,BN,44
BI,BN,166
CF,BN,35
KZ,BN,139
LY,BN,166
LZ,BN,102
W,BN,88
FF,BN,57
WF,BN,57
AW,BN,57
RH,BN,57
UZW,BN,1
FLA,BN,1
GSS,BN,1
SG,BN,31
BS,TH,218
LST,TH,93
SIS,TH,3
SO,TH,44
OL,TH,228
VI,TH,179
BR,TH,228
AA,TH,7
LB,TH,1
ZUE,TH,82
ZFH,TH,39
FRI,TH,80
W,TH,39
FF,TH,39
WF,TH,39
AW,TH,39
RH,TH,39
BN,TH,616
BS,IO,122
LST,IO,80
SIS,IO,3
OL,IO,122
LZ,IO,27
BN,IO,136
TH,IO,137
BS,CH,151
RF,CH,2
FCK,CH,2
BG,CH,2
STS,CH,2
ZUE,CH,307
ZOER,CH,30
ZWOL,CH,1
ZEN,CH,2
ZWIE,CH,2
ZFH,CH,29
WS,CH,1
KIL,CH,1
RUES,CH,1
TW,CH,82
ORD,CH,2
HG,CH,3
WAE,CH,82
RI,CH,3
PF,CH,82
LA,CH,6
SIB,CH,79
ZB,CH,82
EF,CH,1
DTL,CH,1
TG,CH,1
BD,CH,2
W,CH,28
UZW,CH,30
FLA,CH,30
GSS,CH,30
SG,CH,30
RS,CH,60
SMG,CH,60
HEBG,CH,60
ALT,CH,60
BS,LQ,151
RF,LQ,2
FCK,LQ,2
BG,LQ,2
STS,LQ,2
ZUE,LQ,307
ZOER,LQ,30
ZWOL,LQ,1
ZEN,LQ,2
ZWIE,LQ,2
ZFH,LQ,29
WS,LQ,1
KIL,LQ,1
RUES,LQ,1
TW,LQ,82
ORD,LQ,2
HG,LQ,3
WAE,LQ,82
RI,LQ,3
PF,LQ,82
LA,LQ,6
SIB,LQ,79
ZB,LQ,82
EF,LQ,1
DTL,LQ,1
TG,LQ,1
BD,LQ,2
W,LQ,28
UZW,LQ,30
FLA,LQ,30
GSS,LQ,30
SG,LQ,30
RS,LQ,61
RCK,LQ,1
SMG,LQ,61
HEBG,LQ,61
ALT,LQ,61
CH,LQ,487
BS,SA,151
RF,SA,2
FCK,SA,2
BG,SA,2
STS,SA,2
ZUE,SA,318
ZOER,SA,32
ZWOL,SA,1
ZEN,SA,2
ZWIE,SA,2
ZFH,SA,31
UZ,SA,77
WS,SA,1
KIL,SA,1
RUES,SA,1
TW,SA,82
ORD,SA,2
HG,SA,3
WAE,SA,82
RI,SA,3
PF,SA,82
LA,SA,6
SIB,SA,79
ZB,SA,125
EF,SA,1
DTL,SA,1
TG,SA,1
BD,SA,2
W,SA,30
WA,SA,38
UZW,SA,32
FLA,SA,32
GSS,SA,32
HE,SA,40
DG,SA,38
SG,SA,78
SGF,SA,40
GOL,SA,40
RS,SA,160
RCK,SA,90
SMG,SA,160
HEBG,SA,160
ALT,SA,162
RSST,SA,40
CH,SA,400
LQ,SA,401
BRAG,SA,222
BU,SA,202
TA,SCB,101
MOU,SCB,82
DMT,SCB,1
BI,SCB,100
MOU,SW,37
GS,SW,84
MOU,SO,37
GS,SO,156
SW,SO,180
MOU,GE,3
DMT,GE,3
GS,GE,3
SO,GE,100
OEN,GE,2
OL,GE,109
SY,GE,143
MOU,GEAP,3
DMT,GEAP,3
GS,GEAP,3
SO,GEAP,93
OEN,GEAP,2
OL,GEAP,102
GE,GEAP,607
VSX,GEAP,19
COP,GEAP,168
MOU,MOR,3
DMT,MOR,3
GS,MOR,7
SO,MOR,111
OEN,MOR,5
OL,MOR,111
GE,MOR,670
VSX,MOR,18
COP,MOR,341
GEAP,MOR,470
NY,MOR,571
GLA,MOR,348
ROL,MOR,350
ALL,MOR,521
MOU,LS,1
DMT,LS,1
GS,LS,53
SO,LS,53
OEN,LS,43
OL,LS,65
BG,LS,1
GE,LS,717
VSX,LS,12
COP,LS,329
GEAP,LS,480
NY,LS,549
GLA,LS,336
ROL,LS,339
ALL,LS,471
MOR,LS,716
CHV,LS,126
COS,LS,187
BY,LS,190
REN,LS,734
MOU,YV,4
DMT,YV,4
GS,YV,62
SO,YV,166
OEN,YV,50
OL,YV,166
BG,YV,1
GE,YV,106
GEAP,YV,99
NY,YV,10
MOR,YV,117
CHV,YV,128
COS,YV,128
BY,YV,130
REN,YV,131
LS,YV,192
AA,YV,103
ZUE,YV,160
ZOER,YV,31
ZFH,YV,31
BD,YV,1
PAL,YV,32
FRI,YV,118
PAY,YV,151
MOU,NE,5
DMT,NE,5
GS,NE,62
SO,NE,166
OEN,NE,50
OL,NE,166
BG,NE,1
GE,NE,106
GEAP,NE,99
NY,NE,10
MOR,NE,117
BY,NE,2
REN,NE,4
LS,NE,65
AA,NE,103
ZUE,NE,160
ZOER,NE,31
ZFH,NE,31
BD,NE,1
FRI,NE,34
MRT,NE,37
YV,NE,194
GS,OEN,99
SW,OEN,99
SO,OEN,266
GS,EG,45
SW,EG,99
SO,EG,138
OEN,EG,138
GS,NY,3
SO,NY,10
OEN,NY,2
OL,NY,10
GE,NY,594
VSX,NY,22
COP,NY,364
GEAP,NY,386
GS,BY,2
SO,BY,2
OEN,BY,2
OL,BY,2
CHV,BY,128
COS,BY,207
GS,UZW,33
SO,UZW,33
OEN,UZW,32
OL,UZW,33
GE,UZW,1
GEAP,UZW,1
LS,UZW,32
ZUE,UZW,89
ZOER,UZW,89
ZFH,UZW,89
FRI,UZW,1
YV,UZW,31
NE,UZW,31
BI,UZW,33
W,UZW,103
WGR,UZW,8
AD,UZW,14
EL,UZW,16
GS,FLA,33
SO,FLA,33
OEN,FLA,32
OL,FLA,33
GE,FLA,1
GEAP,FLA,1
LS,FLA,32
ZUE,FLA,89
ZOER,FLA,89
ZFH,FLA,89
FRI,FLA,1
YV,FLA,31
NE,FLA,31
BI,FLA,33
W,FLA,103
WGR,FLA,8
AD,FLA,14
EL,FLA,16
UZW,FLA,212
GS,GSS,33
SO,GSS,33
OEN,GSS,32
OL,GSS,33
GE,GSS,1
GEAP,GSS,1
LS,GSS,32
ZUE,GSS,89
ZOER,GSS,89
ZFH,GSS,89
FRI,GSS,1
YV,GSS,31
NE,GSS,31
BI,GSS,33
W,GSS,103
WGR,GSS,8
AD,GSS,14
EL,GSS,16
WF,GSS,60
UZW,GSS,212
FLA,GSS,212
GS,PRMA,1
SO,PRMA,1
OEN,PRMA,1
OL,PRMA,1
BG,PRMA,1
GE,PRMA,13
COP,PRMA,13
GEAP,PRMA,8
NY,PRMA,13
GLA,PRMA,13
ROL,PRMA,13
ALL,PRMA,89
MOR,PRMA,89
CHV,PRMA,59
COS,PRMA,113
BY,PRMA,119
REN,PRMA,210
LS,PRMA,211
PU,PRMA,80
LTY,PRMA,80
CU,PRMA,81
VV,PRMA,83
TOUR,PRMA,80
CL,PRMA,80
MX,PRMA,82
VIL,PRMA,82
AIG,PRMA,8
BEX,PRMA,8
SM,PRMA,8
AA,PRMA,1
ZUE,PRMA,1
BD,PRMA,1
PAL,PRMA,11
YV,PRMA,60
NE,PRMA,1
BI,PRMA,1
SO,BDF,90
OL,BDF,97
AA,BDF,5
LB,BDF,5
ZUE,BDF,36
ZAS,BDF,35
BN,BDF,227
TH,BDF,175
OEN,LTH,72
OL,LTH,292
BG,LTH,91
ABO,LTH,195
AA,LTH,99
RU,LTH,56
LB,LTH,96
ZUE,LTH,36
ZAS,LTH,35
TG,LTH,90
BD,LTH,90
BN,LTH,86
BDF,LTH,97
HB,LTH,97
OL,ABO,367
BG,ABO,163
OL,REID,159
BG,REID,72
ABO,REID,159
ZF,REID,159
OL,NEB,159
BG,NEB,72
ABO,NEB,159
ZF,NEB,159
REID,NEB,159
OL,SEM,43
GE,SEM,1
GEAP,SEM,1
NY,SEM,1
MOR,SEM,1
LS,SEM,2
ABO,SEM,42
ZF,SEM,45
REID,SEM,42
NEB,SEM,103
SS,SEM,273
OL,RBGD,2
ABO,RBGD,1
ZF,RBGD,2
REID,RBGD,1
NEB,RBGD,2
SS,RBGD,160
SEM,RBGD,161
OL,RBG,1
ZF,RBG,1
SS,RBG,158
SEM,RBG,159
RBGD,RBG,159
OL,GSAG,1
ZF,GSAG,1
NEB,GSAG,1
SS,GSAG,160
SEM,GSAG,163
RBGD,GSAG,159
RBG,GSAG,159
EBR,GSAG,252
HO,GSAG,92
OL,RU,178
BG,RU,241
ABO,RU,128
ZF,RU,72
REID,RU,72
NEB,RU,72
SS,RU,72
AA,RU,330
OL,MI,43
BG,MI,34
AA,MI,44
RU,MI,3
LB,MI,112
RK,MI,128
OL,WE,90
BG,WE,336
KB,WE,15
AA,WE,112
RU,WE,57
LB,WE,22
ZUE,WE,338
ZAS,WE,263
ZSTH,WE,316
ZTB,WE,74
ZOER,WE,87
ZSEB,WE,75
ZAF,WE,75
ZHDB,WE,321
ZK,WE,62
KUES,WE,62
ERLB,WE,62
HERL,WE,62
ML,WE,62
UET,WE,62
WS,WE,12
KGO,WE,62
STET,WE,242
PFZ,WE,7
FET,WE,7
IL,WE,7
EF,WE,32
DTL,WE,34
ZZ,WE,2
NH,WE,74
SH,WE,74
DOE,WE,15
TG,WE,351
BD,WE,426
OL,KLW,4
BG,KLW,250
AA,KLW,136
RU,KLW,29
LB,KLW,132
MI,KLW,1
ZUE,KLW,323
ZAS,KLW,323
ZSTH,KLW,305
ZHDB,KLW,318
STET,KLW,305
EF,KLW,20
DTL,KLW,22
NH,KLW,74
SH,KLW,74
TG,KLW,250
BD,KLW,250
WE,KLW,250
OL,SCHL,4
BG,SCHL,250
AA,SCHL,98
RU,SCHL,28
LB,SCHL,94
ZUE,SCHL,366
ZAS,SCHL,366
ZSTH,SCHL,346
ZHDB,SCHL,362
STET,SCHL,345
EF,SCHL,21
DTL,SCHL,23
NH,SCHL,74
SH,SCHL,74
TG,SCHL,250
BD,SCHL,250
WE,SCHL,250
KLW,SCHL,322
DT,SCHL,366
OL,NHOF,3
BG,NHOF,132
AA,NHOF,18
RU,NHOF,16
LB,NHOF,15
ZUE,NHOF,132
ZAS,NHOF,132
ZSTH,NHOF,127
ZHDB,NHOF,129
STET,NHOF,127
EF,NHOF,14
DTL,NHOF,15
NH,NHOF,38
SH,NHOF,38
TG,NHOF,132
BD,NHOF,132
WE,NHOF,132
KLW,NHOF,132
DT,NHOF,132
SCHL,NHOF,132
OL,GLZB,4
BG,GLZB,250
AA,GLZB,98
RU,GLZB,28
LB,GLZB,94
ZUE,GLZB,366
ZAS,GLZB,366
ZSTH,GLZB,346
ZHDB,GLZB,362
STET,GLZB,345
EF,GLZB,21
DTL,GLZB,23
NH,GLZB,74
SH,GLZB,74
TG,GLZB,250
BD,GLZB,250
WE,GLZB,250
KLW,GLZB,322
DT,GLZB,366
SCHL,GLZB,366
NHOF,GLZB,132
OL,FRI,14
GE,FRI,142
GEAP,FRI,138
NY,FRI,68
MOR,FRI,68
LS,FRI,198
ZF,FRI,94
SS,FRI,94
SEM,FRI,2
AA,FRI,5
LB,FRI,2
ZUE,FRI,87
ZOER,FRI,1
ZFH,FRI,29
PAL,FRI,118
ROM,FRI,310
OL,FF,21
VI,FF,39
BR,FF,39
EBI,FF,1
RK,FF,29
ZG,FF,60
BAA,FF,60
HGO,FF,31
ORDD,FF,31
ZUE,FF,148
ZSTH,FF,4
ZOER,FF,31
ZWOL,FF,31
ZEN,FF,31
ZWIE,FF,31
ZWIP,FF,31
ZFH,FF,144
KIL,FF,31
RUES,FF,31
TW,FF,60
EF,FF,31
BSD,FF,31
LZ,FF,29
W,FF,232
OWT,FF,100
OL,WF,21
VI,WF,39
BR,WF,39
EBI,WF,1
RK,WF,29
ZG,WF,60
BAA,WF,60
HGO,WF,31
ORDD,WF,31
ZUE,WF,148
ZSTH,WF,4
ZOER,WF,31
ZWOL,WF,31
ZEN,WF,31
ZWIE,WF,31
ZWIP,WF,31
ZFH,WF,144
KIL,WF,31
RUES,WF,31
TW,WF,60
EF,WF,31
BSD,WF,31
LZ,WF,29
W,WF,229
OWT,WF,98
FF,WF,238
OL,AW,21
VI,AW,39
BR,AW,39
ZUE,AW,79
ZSTH,AW,4
ZFH,AW,75
W,AW,95
OWT,AW,10
FF,AW,95
WF,AW,209
OL,RH,21
VI,RH,39
BR,RH,39
ZUE,RH,79
ZSTH,RH,4
ZFH,RH,75
SH,RH,77
W,RH,98
OWT,RH,10
FF,RH,98
WF,RH,212
AW,RH,209
OL,HB,97
AA,HB,5
LB,HB,5
ZUE,HB,36
ZAS,HB,35
BN,HB,86
BDF,HB,97
BG,ZSTH,242
AA,ZSTH,83
RU,ZSTH,22
LB,ZSTH,83
ZG,ZSTH,84
URD,ZSTH,98
BIR,ZSTH,98
BON,ZSTH,98
HED,ZSTH,98
AF,ZSTH,98
MTM,ZSTH,98
URDW,ZSTH,98
ZUE,ZSTH,1036
ZAS,ZSTH,444
BG,ZHDB,246
AA,ZHDB,94
RU,ZHDB,27
LB,ZHDB,94
ZG,ZHDB,87
URD,ZHDB,102
BIR,ZHDB,102
BON,ZHDB,102
HED,ZHDB,102
AF,ZHDB,102
MTM,ZHDB,102
URDW,ZHDB,102
ZUE,ZHDB,1046
ZAS,ZHDB,464
ZSTH,ZHDB,989
ZTB,ZHDB,198
ZOER,ZHDB,500
ZSEB,ZHDB,90
ZAF,ZHDB,99
ZFH,ZHDB,95
BG,STET,242
AA,STET,83
RU,STET,22
LB,STET,83
ZG,STET,6
URD,STET,6
BIR,STET,6
BON,STET,6
HED,STET,6
AF,STET,6
MTM,STET,6
URDW,STET,6
ZUE,STET,565
ZAS,STET,351
ZSTH,STET,565
ZOER,STET,114
ZHDB,STET,539
RW,STET,20
JO,STET,20
RUE,STET,20
BUB,STET,20
WZ,STET,111
UST,STET,114
NAEN,STET,102
SCWE,STET,102
DUE,STET,102
HI,STET,1
BG,EF,20
KB,EF,12
AA,EF,20
RU,EF,20
LB,EF,20
ZG,EF,81
BAA,EF,81
HGO,EF,81
ORDD,EF,81
ZUE,EF,557
ZAS,EF,80
ZSTH,EF,207
ZTB,EF,2
ZOER,EF,444
ZWOL,EF,273
ZEN,EF,273
ZWIE,EF,273
ZWIP,EF,84
ZFH,EF,87
ZHDB,EF,193
ML,EF,79
UET,EF,79
MAEN,EF,79
STAE,EF,79
UER,EF,78
RW,EF,85
WZ,EF,93
WS,EF,262
HI,EF,1
STET,EF,127
KIL,EF,272
RUES,EF,272
TW,EF,277
ORD,EF,196
HG,EF,196
WAE,EF,196
RI,EF,193
PF,EF,193
LA,EF,104
SIB,EF,93
ZB,EF,93
KN,EF,93
PFZ,EF,127
FET,EF,127
IL,EF,133
BG,DTL,22
KB,DTL,12
AA,DTL,20
RU,DTL,20
LB,DTL,20
ZUE,DTL,391
ZAS,DTL,82
ZSTH,DTL,129
ZOER,DTL,276
ZWOL,DTL,197
ZEN,DTL,197
ZWIE,DTL,197
ZHDB,DTL,111
RW,DTL,7
WZ,DTL,91
WS,DTL,262
HI,DTL,1
STET,DTL,129
KIL,DTL,196
RUES,DTL,196
TW,DTL,196
ORD,DTL,196
HG,DTL,196
WAE,DTL,196
RI,DTL,193
PF,DTL,193
LA,DTL,104
SIB,DTL,93
ZB,DTL,93
KN,DTL,91
PFZ,DTL,125
FET,DTL,125
IL,DTL,131
EF,DTL,389
BG,NH,74
ZG,NH,31
BAA,NH,31
HGO,NH,31
ORDD,NH,31
ZUE,NH,168
ZAS,NH,74
ZSTH,NH,133
ZOER,NH,94
ZWOL,NH,31
ZEN,NH,31
ZWIE,NH,31
ZWIP,NH,32
ZFH,NH,32
ZHDB,NH,136
RW,NH,5
JO,NH,5
RUE,NH,5
BUB,NH,5
WZ,NH,5
UST,NH,59
NAEN,NH,59
SCWE,NH,59
DUE,NH,59
STET,NH,133
KIL,NH,31
RUES,NH,31
TW,NH,31
EF,NH,32
BSD,NH,32
GLB,NH,62
RUEM,NH,62
OGL,NH,62
BUE,NH,63
EGL,NH,63
HUEW,NH,63
RZ,NH,63
BG,SH,74
ZG,SH,31
BAA,SH,31
HGO,SH,31
ORDD,SH,31
ZUE,SH,245
ZAS,SH,74
ZSTH,SH,133
ZOER,SH,133
ZWOL,SH,31
ZEN,SH,31
ZWIE,SH,31
ZWIP,SH,32
ZFH,SH,32
ZHDB,SH,136
RW,SH,5
JO,SH,5
RUE,SH,5
BUB,SH,5
WZ,SH,5
UST,SH,59
NAEN,SH,59
SCWE,SH,59
DUE,SH,59
STET,SH,133
KIL,SH,31
RUES,SH,31
TW,SH,31
EF,SH,32
BSD,SH,32
GLB,SH,62
RUEM,SH,62
OGL,SH,62
BUE,SH,109
EGL,SH,70
HUEW,SH,70
RZ,SH,70
NH,SH,249
BG,WGR,67
AA,WGR,27
LB,WGR,27
ZUE,WGR,133
ZAS,WGR,133
ZSTH,WGR,133
ZHDB,WGR,133
RUE,WGR,59
STET,WGR,133
TG,WGR,67
BD,WGR,67
WE,WGR,67
KLW,WGR,94
DT,WGR,133
SCHL,WGR,133
NHOF,WGR,34
GLZB,WGR,133
W,WGR,353
BG,AD,67
ZUE,AD,67
ZAS,AD,67
ZSTH,AD,67
ZHDB,AD,67
STET,AD,67
TG,AD,67
BD,AD,67
WE,AD,67
KLW,AD,67
DT,AD,67
SCHL,AD,67
NHOF,AD,34
GLZB,AD,67
W,AD,171
WGR,AD,165
BG,EL,67
ZUE,EL,67
ZAS,EL,67
ZSTH,EL,67
ZHDB,EL,67
STET,EL,67
TG,EL,67
BD,EL,67
WE,EL,67
KLW,EL,67
DT,EL,67
SCHL,EL,67
NHOF,EL,34
GLZB,EL,67
W,EL,171
WGR,EL,165
AD,EL,185
BG,OWT,2
AA,OWT,38
RU,OWT,4
LB,OWT,38
ZG,OWT,31
BAA,OWT,31
HGO,OWT,31
ORDD,OWT,31
ZUE,OWT,69
ZAS,OWT,38
ZSTH,OWT,38
ZOER,OWT,31
ZWOL,OWT,31
ZEN,OWT,31
ZWIE,OWT,31
ZWIP,OWT,31
ZFH,OWT,31
ZHDB,OWT,38
STET,OWT,38
KIL,OWT,31
RUES,OWT,31
TW,OWT,31
EF,OWT,33
DTL,OWT,2
BSD,OWT,31
TG,OWT,2
BD,OWT,2
WE,OWT,2
KLW,OWT,38
DT,OWT,38
SCHL,OWT,38
NHOF,OWT,1
GLZB,OWT,38
W,OWT,219
BG,HGT,74
ZUE,HGT,74
ZAS,HGT,74
ZSTH,HGT,74
ZHDB,HGT,74
STET,HGT,74
NH,HGT,131
SH,HGT,131
TG,HGT,74
BD,HGT,74
WE,HGT,74
KLW,HGT,74
DT,HGT,74
SCHL,HGT,74
NHOF,HGT,38
GLZB,HGT,74
W,HGT,131
BG,AN,74
ZG,AN,31
BAA,AN,31
HGO,AN,31
ORDD,AN,31
ZUE,AN,106
ZAS,AN,74
ZSTH,AN,74
ZOER,AN,32
ZWOL,AN,31
ZEN,AN,31
ZWIE,AN,31
ZWIP,AN,32
ZFH,AN,32
ZHDB,AN,74
STET,AN,74
KIL,AN,31
RUES,AN,31
TW,AN,31
EF,AN,32
BSD,AN,32
NH,AN,165
SH,AN,165
TG,AN,74
BD,AN,74
WE,AN,74
KLW,AN,74
DT,AN,74
SCHL,AN,74
NHOF,AN,38
GLZB,AN,74
W,AN,165
HGT,AN,131
BG,MTL,74
ZUE,MTL,74
ZAS,MTL,74
ZSTH,MTL,74
ZHDB,MTL,74
STET,MTL,74
NH,MTL,133
SH,MTL,133
TG,MTL,74
BD,MTL,74
WE,MTL,74
KLW,MTL,74
DT,MTL,74
SCHL,MTL,74
NHOF,MTL,38
GLZB,MTL,74
W,MTL,133
HGT,MTL,131
AN,MTL,133
KB,WS,12
URD,WS,63
BIR,WS,63
BON,WS,63
HED,WS,63
AF,WS,63
URDW,WS,63
ZUE,WS,349
ZAS,WS,124
ZOER,WS,349
ZWOL,WS,197
ZEN,WS,197
ZWIE,WS,197
RW,WS,9
JO,WS,2
RUE,WS,2
BUB,WS,2
WZ,WS,87
UST,WS,87
NAEN,WS,87
SCWE,WS,87
DUE,WS,87
KB,PFZ,7
ZUE,PFZ,125
ZAS,PFZ,20
ZSTH,PFZ,91
ZOER,PFZ,48
ZWOL,PFZ,13
ZEN,PFZ,13
ZWIE,PFZ,13
ZHDB,PFZ,83
RW,PFZ,3
JO,PFZ,1
RUE,PFZ,1
BUB,PFZ,1
WZ,PFZ,106
WS,PFZ,34
HI,PFZ,2
STET,PFZ,91
KIL,PFZ,12
RUES,PFZ,12
TW,PFZ,12
ORD,PFZ,12
HG,PFZ,12
WAE,PFZ,12
RI,PFZ,12
PF,PFZ,12
LA,PFZ,9
KN,PFZ,106
KB,FET,7
ZUE,FET,125
ZAS,FET,20
ZSTH,FET,91
ZOER,FET,48
ZWOL,FET,13
ZEN,FET,13
ZWIE,FET,13
ZHDB,FET,83
RW,FET,3
JO,FET,1
RUE,FET,1
BUB,FET,1
WZ,FET,106
WS,FET,34
HI,FET,2
STET,FET,91
KIL,FET,12
RUES,FET,12
TW,FET,12
ORD,FET,12
HG,FET,12
WAE,FET,12
RI,FET,12
PF,FET,12
LA,FET,9
KN,FET,106
PFZ,FET,140
KB,IL,7
ZUE,IL,131
ZAS,IL,20
ZSTH,IL,97
ZOER,IL,48
ZWOL,IL,13
ZEN,IL,13
ZWIE,IL,13
ZHDB,IL,83
RW,IL,3
JO,IL,1
RUE,IL,1
BUB,IL,1
WZ,IL,106
WS,IL,34
HI,IL,2
STET,IL,97
KIL,IL,12
RUES,IL,12
TW,IL,12
ORD,IL,12
HG,IL,12
WAE,IL,12
RI,IL,12
PF,IL,12
LA,IL,9
KN,IL,106
PFZ,IL,140
FET,IL,140
KB,BUE,39
ZUE,BUE,152
ZSTH,BUE,108
ZOER,BUE,152
ZHDB,BUE,113
RW,BUE,6
JO,BUE,6
RUE,BUE,6
BUB,BUE,6
WZ,BUE,20
UST,BUE,94
NAEN,BUE,94
SCWE,BUE,94
DUE,BUE,94
STET,BUE,108
KN,BUE,14
PFZ,BUE,14
FET,BUE,14
IL,BUE,14
EF,BUE,14
DTL,BUE,14
GLB,BUE,113
RUEM,BUE,99
OGL,BUE,99
KB,EGL,105
ZUE,EGL,83
ZSTH,EGL,80
ZOER,EGL,83
ZHDB,EGL,83
RW,EGL,6
JO,EGL,6
RUE,EGL,6
BUB,EGL,6
WZ,EGL,6
UST,EGL,80
NAEN,EGL,80
SCWE,EGL,80
DUE,EGL,80
STET,EGL,80
GLB,EGL,83
RUEM,EGL,83
OGL,EGL,83
BUE,EGL,157
KB,ZZ,161
BUE,ZZ,67
EGL,ZZ,133
KB,DOE,108
ZUE,DOE,12
ZAS,DOE,12
ZOER,DOE,12
WS,DOE,12
PFZ,DOE,7
FET,DOE,7
IL,DOE,7
EF,DOE,12
DTL,DOE,12
ZZ,DOE,46
GE,PTC,216
GE,VSX,238
PTC,VSX,238
GE,COP,581
PTC,COP,238
VSX,COP,260
GE,GLA,370
VSX,GLA,22
COP,GLA,362
GEAP,GLA,169
NY,GLA,368
GE,ROL,350
VSX,ROL,20
COP,ROL,349
GEAP,ROL,161
NY,ROL,349
GLA,ROL,365
GE,ALL,350
VSX,ALL,20
COP,ALL,350
GEAP,ALL,161
NY,ALL,349
GLA,ALL,349
ROL,ALL,358
GE,REN,371
VSX,REN,12
COP,REN,329
GEAP,REN,191
NY,REN,371
GLA,REN,334
ROL,REN,338
ALL,REN,474
MOR,REN,601
CHV,REN,126
COS,REN,207
BY,REN,210
GE,CU,4
VSX,CU,1
COP,CU,4
GEAP,CU,2
NY,CU,4
GLA,CU,4
ROL,CU,4
ALL,CU,45
MOR,CU,45
COS,CU,40
BY,CU,40
REN,CU,86
LS,CU,187
PU,CU,164
LTY,CU,195
GE,VV,378
VSX,VV,4
COP,VV,197
GEAP,VV,221
NY,VV,334
GLA,VV,203
ROL,VV,202
ALL,VV,242
MOR,VV,382
COS,VV,40
BY,VV,40
REN,VV,324
LS,VV,654
PU,VV,153
LTY,VV,184
CU,VV,197
GE,MX,332
COP,MX,139
GEAP,MX,214
NY,MX,276
GLA,MX,145
ROL,MX,140
ALL,MX,179
MOR,MX,319
COS,MX,39
BY,MX,39
REN,MX,260
LS,MX,522
PU,MX,142
LTY,MX,173
CU,MX,179
VV,MX,573
TOUR,MX,187
CL,MX,187
GE,VIL,114
COP,VIL,113
GEAP,VIL,35
NY,VIL,113
GLA,VIL,113
ROL,VIL,113
ALL,VIL,153
MOR,VIL,154
COS,VIL,39
BY,VIL,39
REN,VIL,193
LS,VIL,276
PU,VIL,142
LTY,VIL,173
CU,VIL,177
VV,VIL,322
TOUR,VIL,185
CL,VIL,185
MX,VIL,327
GE,AIG,322
COP,AIG,138
GEAP,AIG,213
NY,AIG,275
GLA,AIG,144
ROL,AIG,139
ALL,AIG,139
MOR,AIG,279
COS,AIG,4
BY,AIG,4
REN,AIG,185
LS,AIG,380
PU,AIG,10
LTY,AIG,14
CU,AIG,20
VV,AIG,396
TOUR,AIG,20
CL,AIG,20
MX,AIG,408
VIL,AIG,165
GE,BEX,156
COP,BEX,139
GEAP,BEX,61
NY,BEX,152
GLA,BEX,141
ROL,BEX,139
ALL,BEX,140
MOR,BEX,156
COS,BEX,4
BY,BEX,4
REN,BEX,150
LS,BEX,200
PU,BEX,9
LTY,BEX,13
CU,BEX,19
VV,BEX,217
TOUR,BEX,19
CL,BEX,19
MX,BEX,226
VIL,BEX,162
AIG,BEX,229
GE,SM,250
COP,SM,139
GEAP,SM,145
NY,SM,206
GLA,SM,144
ROL,SM,140
ALL,SM,140
MOR,SM,210
COS,SM,4
BY,SM,4
REN,SM,153
LS,SM,300
PU,SM,9
LTY,SM,13
CU,SM,19
VV,SM,318
TOUR,SM,19
CL,SM,19
MX,SM,327
VIL,SM,162
AIG,SM,330
BEX,SM,230
GE,MA,143
GEAP,MA,129
NY,MA,100
GLA,MA,6
ROL,MA,1
MOR,MA,101
REN,MA,41
LS,MA,160
VV,MA,162
MX,MA,166
AIG,MA,168
BEX,MA,30
SM,MA,343
MTH,MA,113
GE,SIO,152
GEAP,SIO,129
NY,SIO,100
GLA,SIO,6
ROL,SIO,1
MOR,SIO,101
REN,SIO,41
LS,SIO,168
VV,SIO,160
MX,SIO,175
AIG,SIO,168
BEX,SIO,30
SM,SIO,211
MTH,SIO,112
MA,SIO,340
GE,SIE,134
GEAP,SIE,122
NY,SIE,93
GLA,SIE,5
ROL,SIE,1
MOR,SIE,93
REN,SIE,38
LS,SIE,141
VV,SIE,142
MX,SIE,143
AIG,SIE,144
BEX,SIE,11
SM,SIE,186
MTH,SIE,107
MA,SIE,306
SIO,SIE,310
GE,LK,89
GEAP,LK,84
NY,LK,82
GLA,LK,2
MOR,LK,82
REN,LK,35
LS,LK,93
VV,LK,93
MX,LK,94
AIG,LK,95
BEX,LK,11
SM,LK,139
MTH,LK,107
MA,LK,228
SIO,LK,232
SIE,LK,232
GE,PAL,68
GEAP,PAL,68
NY,PAL,68
ALL,PAL,54
MOR,PAL,122
CHV,PAL,32
COS,PAL,32
BY,PAL,32
REN,PAL,86
LS,PAL,328
VV,PAL,2
ZF,PAL,92
SS,PAL,92
SEM,PAL,2
ZUE,PAL,1
GE,ROM,68
GEAP,ROM,68
NY,ROM,68
ALL,ROM,6
MOR,ROM,74
REN,ROM,6
LS,ROM,124
ZF,ROM,92
SS,ROM,92
SEM,ROM,2
ZUE,ROM,1
PAL,ROM,125
ALL,PU,41
MOR,PU,41
COS,PU,40
BY,PU,40
REN,PU,81
LS,PU,195
ALL,LTY,41
MOR,LTY,41
COS,LTY,40
BY,LTY,40
REN,LTY,81
LS,LTY,196
PU,LTY,195
ALL,TOUR,40
MOR,TOUR,40
COS,TOUR,39
BY,TOUR,39
REN,TOUR,80
LS,TOUR,148
PU,TOUR,142
LTY,TOUR,173
CU,TOUR,174
VV,TOUR,187
ALL,CL,40
MOR,CL,40
COS,CL,39
BY,CL,39
REN,CL,80
LS,CL,148
PU,CL,142
LTY,CL,173
CU,CL,174
VV,CL,187
TOUR,CL,187
ALL,MRT,8
MOR,MRT,8
REN,MRT,8
LS,MRT,74
PAL,MRT,74
FRI,MRT,78
ALL,PAY,8
MOR,PAY,8
REN,PAY,8
LS,PAY,82
PAL,PAY,115
FRI,PAY,120
MRT,PAY,109
ALL,KZ,8
MOR,KZ,8
REN,KZ,8
LS,KZ,66
PAL,KZ,66
MRT,KZ,157
PAY,KZ,95
NE,KZ,86
CF,KZ,35
CHV,COS,128
AIG,MTH,4
SM,MTH,168
VI,FIE,50
VI,BEMG,50
FIE,BEMG,66
VI,MOEL,50
FIE,MOEL,66
BEMG,MOEL,66
VI,ZERM,64
FIE,ZERM,21
BEMG,ZERM,21
MOEL,ZERM,21
VI,AND,23
FIE,AND,28
BEMG,AND,28
MOEL,AND,28
ZERM,AND,8
GOE,AND,60
ZERM,DIS,8
AND,DIS,35
CH,DIS,48
LQ,DIS,32
ILZ,DIS,36
ZF,SUHR,100
SS,EBI,141
SEM,EBI,141
RBGD,EBI,141
RBG,EBI,141
EBR,EBI,141
GSAG,EBI,141
SS,CHAM,140
SEM,CHAM,140
RBGD,CHAM,140
RBG,CHAM,140
EBR,CHAM,140
GSAG,CHAM,140
EBI,CHAM,169
RK,CHAM,281
SS,ZG,140
SEM,ZG,140
RBGD,ZG,140
RBG,ZG,140
EBR,ZG,140
GSAG,ZG,140
EBI,ZG,174
RK,ZG,445
CHAM,ZG,281
SS,BAA,122
SEM,BAA,122
RBGD,BAA,122
RBG,BAA,122
EBR,BAA,122
GSAG,BAA,122
EBI,BAA,145
RK,BAA,292
CHAM,BAA,250
ZG,BAA,386
SS,CHAA,140
SEM,CHAA,140
RBGD,CHAA,140
RBG,CHAA,140
EBR,CHAA,140
GSAG,CHAA,140
EBI,CHAA,160
RK,CHAA,267
CHAM,CHAA,267
ZG,CHAA,267
BAA,CHAA,236
LZ,CHAA,149
SS,HUZY,140
SEM,HUZY,140
RBGD,HUZY,140
RBG,HUZY,140
EBR,HUZY,140
GSAG,HUZY,140
EBI,HUZY,160
RK,HUZY,267
CHAM,HUZY,267
ZG,HUZY,267
BAA,HUZY,236
LZ,HUZY,149
CHAA,HUZY,267
SS,ZGSE,140
SEM,ZGSE,140
RBGD,ZGSE,140
RBG,ZGSE,140
EBR,ZGSE,140
GSAG,ZGSE,140
EBI,ZGSE,160
RK,ZGSE,267
CHAM,ZGSE,267
ZG,ZGSE,267
BAA,ZGSE,236
LZ,ZGSE,149
CHAA,ZGSE,267
HUZY,ZGSE,267
SS,BURN,141
SEM,BURN,141
RBGD,BURN,141
RBG,BURN,141
EBR,BURN,141
GSAG,BURN,141
EBI,BURN,162
RK,BURN,162
CHAM,BURN,161
ZG,BURN,161
BAA,BURN,136
ZUE,BURN,1
TW,BURN,1
LZ,BURN,151
CHAA,BURN,160
HUZY,BURN,160
ZGSE,BURN,160
EBR,HO,103
AA,WSEE,27
LB,WSEE,27
ZUE,WSEE,66
ZAS,WSEE,66
ZSTH,WSEE,66
ZHDB,WSEE,66
RUE,WSEE,59
STET,WSEE,66
KLW,WSEE,27
DT,WSEE,66
SCHL,WSEE,66
GLZB,WSEE,66
W,WSEE,188
WGR,WSEE,191
AA,SEU,36
RU,SEU,2
LB,SEU,36
ZUE,SEU,36
ZAS,SEU,36
ZSTH,SEU,36
ZHDB,SEU,36
STET,SEU,36
KLW,SEU,36
DT,SEU,36
SCHL,SEU,36
GLZB,SEU,36
W,SEU,117
OWT,SEU,117
AA,WWAL,36
RU,WWAL,2
LB,WWAL,36
ZUE,WWAL,36
ZAS,WWAL,36
ZSTH,WWAL,36
ZHDB,WWAL,36
STET,WWAL,36
KLW,WWAL,36
DT,WWAL,36
SCHL,WWAL,36
GLZB,WWAL,36
W,WWAL,117
OWT,WWAL,117
SEU,WWAL,117
AA,MELH,110
RU,MELH,6
LB,MELH,110
MI,MELH,1
ZUE,MELH,73
ZAS,MELH,73
ZSTH,MELH,63
ZHDB,MELH,72
STET,MELH,63
KLW,MELH,111
DT,MELH,73
SCHL,MELH,72
GLZB,MELH,72
W,MELH,63
WGR,MELH,27
WSEE,MELH,27
OWT,MELH,36
SEU,MELH,36
WWAL,MELH,36
EBI,ZEN,1
RK,ZEN,5
CHAM,ZEN,3
ZG,ZEN,87
BAA,ZEN,87
HGO,ZEN,81
ORDD,ZEN,81
ZUE,ZEN,416
ZOER,ZEN,399
ZWOL,ZEN,288
EBI,TW,10
RK,TW,82
CHAM,TW,8
ZG,TW,215
BAA,TW,137
HGO,TW,88
ORDD,TW,88
ZUE,TW,623
ZOER,TW,405
ZWOL,TW,287
ZEN,TW,411
ZWIE,TW,409
ZWIP,TW,85
ZFH,TW,239
RW,TW,9
WS,TW,196
KIL,TW,287
RUES,TW,287
EBI,KR,1
RK,KR,29
ZG,KR,29
BAA,KR,29
ZUE,KR,38
ZFH,KR,38
TW,KR,29
SH,KR,92
LZ,KR,29
W,KR,43
FF,KR,43
WF,KR,124
RH,KR,109
KRH,KR,140
RK,TEN,1
LZ,TEN,1
GD,TEN,1
BIA,TEN,49
BEL,TEN,121
GIU,TEN,123
LO,TEN,131
ZG,HGO,88
BAA,HGO,88
ZG,ORDD,88
BAA,ORDD,88
HGO,ORDD,88
ZG,URD,87
ZG,BIR,87
URD,BIR,166
ZG,BON,87
URD,BON,166
BIR,BON,166
ZG,HED,87
URD,HED,166
BIR,HED,166
BON,HED,166
ZG,AF,87
URD,AF,166
BIR,AF,166
BON,AF,166
HED,AF,166
ZG,MTM,87
URD,MTM,102
BIR,MTM,102
BON,MTM,102
HED,MTM,102
AF,MTM,102
ZG,URDW,87
URD,URDW,166
BIR,URDW,166
BON,URDW,166
HED,URDW,166
AF,URDW,166
MTM,URDW,102
ZG,ZWOL,81
BAA,ZWOL,81
HGO,ZWOL,81
ORDD,ZWOL,81
ZUE,ZWOL,288
ZOER,ZWOL,277
ZG,ZWIE,81
BAA,ZWIE,81
HGO,ZWIE,81
ORDD,ZWIE,81
ZUE,ZWIE,410
ZOER,ZWIE,399
ZWOL,ZWIE,288
ZEN,ZWIE,410
ZG,ZWIP,85
BAA,ZWIP,85
HGO,ZWIP,85
ORDD,ZWIP,85
ZUE,ZWIP,94
ZOER,ZWIP,94
ZWOL,ZWIP,78
ZEN,ZWIP,78
ZWIE,ZWIP,78
ZG,RW,84
URD,RW,99
BIR,RW,99
BON,RW,99
HED,RW,99
AF,RW,99
MTM,RW,98
URDW,RW,99
ZUE,RW,285
ZAS,RW,99
ZSTH,RW,274
ZTB,RW,9
ZOER,RW,177
ZWOL,RW,9
ZEN,RW,9
ZWIE,RW,9
ZFH,RW,5
ZHDB,RW,266
ZK,RW,8
KUES,RW,8
ERLB,RW,8
HERL,RW,8
ML,RW,86
UET,RW,86
MAEN,RW,86
STAE,RW,86
UER,RW,86
ZG,JO,84
URD,JO,99
BIR,JO,99
BON,JO,99
HED,JO,99
AF,JO,99
MTM,JO,98
URDW,JO,99
ZUE,JO,190
ZAS,JO,99
ZSTH,JO,188
ZOER,JO,87
ZHDB,JO,183
RW,JO,191
ZG,RUE,84
URD,RUE,99
BIR,RUE,99
BON,RUE,99
HED,RUE,99
AF,RUE,99
MTM,RUE,98
URDW,RUE,99
ZUE,RUE,190
ZAS,RUE,99
ZSTH,RUE,188
ZOER,RUE,87
ZHDB,RUE,183
RW,RUE,191
JO,RUE,191
ZG,BUB,84
URD,BUB,99
BIR,BUB,99
BON,BUB,99
HED,BUB,99
AF,BUB,99
MTM,BUB,98
URDW,BUB,99
ZUE,BUB,190
ZAS,BUB,99
ZSTH,BUB,188
ZOER,BUB,87
ZHDB,BUB,183
RW,BUB,191
JO,BUB,191
RUE,BUB,191
ZG,WZ,84
URD,WZ,161
BIR,WZ,161
BON,WZ,161
HED,WZ,161
AF,WZ,161
MTM,WZ,98
URDW,WZ,161
ZUE,WZ,366
ZAS,WZ,163
ZSTH,WZ,279
ZOER,WZ,186
ZHDB,WZ,266
RW,WZ,191
JO,WZ,191
RUE,WZ,191
BUB,WZ,191
ZG,UST,84
URD,UST,161
BIR,UST,161
BON,UST,161
HED,UST,161
AF,UST,161
MTM,UST,98
URDW,UST,161
ZUE,UST,369
ZAS,UST,163
ZSTH,UST,282
ZOER,UST,260
ZHDB,UST,271
RW,UST,190
JO,UST,190
RUE,UST,190
BUB,UST,190
WZ,UST,275
ZG,DUE,2
URD,DUE,65
BIR,DUE,65
BON,DUE,65
HED,DUE,65
AF,DUE,65
MTM,DUE,2
URDW,DUE,65
ZUE,DUE,192
ZAS,DUE,67
ZSTH,DUE,105
ZOER,DUE,182
ZHDB,DUE,97
RW,DUE,13
JO,DUE,13
RUE,DUE,13
BUB,DUE,13
WZ,DUE,98
UST,DUE,192
NAEN,DUE,189
SCWE,DUE,189
ZG,KIL,81
BAA,KIL,81
HGO,KIL,81
ORDD,KIL,81
ZUE,KIL,287
ZOER,KIL,276
ZWOL,KIL,287
ZEN,KIL,287
ZWIE,KIL,287
ZWIP,KIL,78
ZFH,KIL,80
RW,KIL,9
WS,KIL,196
ZG,RUES,81
BAA,RUES,81
HGO,RUES,81
ORDD,RUES,81
ZUE,RUES,287
ZOER,RUES,276
ZWOL,RUES,287
ZEN,RUES,287
ZWIE,RUES,287
ZWIP,RUES,78
ZFH,RUES,80
RW,RUES,9
WS,RUES,196
KIL,RUES,287
ZG,PF,66
URD,PF,77
BIR,PF,77
BON,PF,77
HED,PF,77
AF,PF,77
MTM,PF,77
URDW,PF,77
ZUE,PF,536
ZAS,PF,77
ZSTH,PF,79
ZOER,PF,309
ZWOL,PF,203
ZEN,PF,317
ZWIE,PF,317
ZFH,PF,116
ZHDB,PF,77
RW,PF,239
SCME,PF,57
UZ,PF,57
JO,PF,79
RUE,PF,79
BUB,PF,79
WZ,PF,79
UST,PF,79
DUE,PF,2
WS,PF,193
STET,PF,1
KIL,PF,203
RUES,PF,203
TW,PF,397
ORD,PF,212
HG,PF,318
WAE,PF,457
RI,PF,318
ZG,BSD,83
BAA,BSD,83
HGO,BSD,83
ORDD,BSD,83
ZUE,BSD,187
ZSTH,BSD,94
ZTB,BSD,16
ZOER,BSD,187
ZWOL,BSD,77
ZEN,BSD,77
ZWIE,BSD,77
ZWIP,BSD,88
ZFH,BSD,91
ZHDB,BSD,99
ZK,BSD,14
KUES,BSD,14
ERLB,BSD,14
HERL,BSD,14
ML,BSD,93
UET,BSD,93
MAEN,BSD,93
STAE,BSD,93
UER,BSD,78
RW,BSD,78
KGO,BSD,14
KIL,BSD,77
RUES,BSD,77
TW,BSD,83
EF,BSD,170
URD,NAEN,63
BIR,NAEN,63
BON,NAEN,63
HED,NAEN,63
AF,NAEN,63
URDW,NAEN,63
ZUE,NAEN,189
ZAS,NAEN,65
ZSTH,NAEN,102
ZOER,NAEN,181
ZHDB,NAEN,94
RW,NAEN,10
JO,NAEN,10
RUE,NAEN,10
BUB,NAEN,10
WZ,NAEN,95
UST,NAEN,189
URD,SCWE,63
BIR,SCWE,63
BON,SCWE,63
HED,SCWE,63
AF,SCWE,63
URDW,SCWE,63
ZUE,SCWE,189
ZAS,SCWE,65
ZSTH,SCWE,102
ZOER,SCWE,181
ZHDB,SCWE,94
RW,SCWE,10
JO,SCWE,10
RUE,SCWE,10
BUB,SCWE,10
WZ,SCWE,95
UST,SCWE,189
NAEN,SCWE,189
URD,HI,62
BIR,HI,62
BON,HI,62
HED,HI,62
AF,HI,62
URDW,HI,62
ZUE,HI,83
ZAS,HI,64
ZSTH,HI,1
ZOER,HI,82
ZHDB,HI,1
WZ,HI,84
UST,HI,82
NAEN,HI,82
SCWE,HI,82
DUE,HI,82
WS,HI,82
ZUE,ZTB,207
ZSTH,ZTB,207
ZUE,ZSEB,90
ZSTH,ZSEB,87
ZTB,ZSEB,87
ZOER,ZSEB,92
ZUE,ZAF,99
ZSTH,ZAF,87
ZTB,ZAF,87
ZOER,ZAF,101
ZSEB,ZAF,92
ZUE,ZK,178
ZSTH,ZK,178
ZTB,ZK,178
ZOER,ZK,170
ZSEB,ZK,62
ZAF,ZK,62
ZFH,ZK,94
ZHDB,ZK,171
ZUE,KUES,185
ZSTH,KUES,185
ZTB,KUES,178
ZOER,KUES,170
ZSEB,KUES,62
ZAF,KUES,62
ZFH,KUES,94
ZHDB,KUES,178
ZK,KUES,178
ZUE,ERLB,178
ZSTH,ERLB,178
ZTB,ERLB,178
ZOER,ERLB,170
ZSEB,ERLB,62
ZAF,ERLB,62
ZFH,ERLB,94
ZHDB,ERLB,171
ZK,ERLB,178
KUES,ERLB,178
ZUE,HERL,178
ZSTH,HERL,178
ZTB,HERL,178
ZOER,HERL,170
ZSEB,HERL,62
ZAF,HERL,62
ZFH,HERL,94
ZHDB,HERL,171
ZK,HERL,178
KUES,HERL,178
ERLB,HERL,178
ZUE,ML,187
ZSTH,ML,187
ZTB,ML,102
ZOER,ML,173
ZSEB,ML,62
ZAF,ML,62
ZFH,ML,18
ZHDB,ML,181
ZK,ML,101
KUES,ML,108
ERLB,ML,101
HERL,ML,101
ZUE,UET,167
ZSTH,UET,167
ZTB,UET,89
ZOER,UET,161
ZSEB,UET,62
ZAF,UET,62
ZFH,UET,6
ZHDB,UET,162
ZK,UET,88
KUES,UET,88
ERLB,UET,88
HERL,UET,88
ML,UET,167
ZUE,MAEN,111
ZSTH,MAEN,111
ZTB,MAEN,26
ZOER,MAEN,99
ZFH,MAEN,6
ZHDB,MAEN,106
ZK,MAEN,25
KUES,MAEN,32
ERLB,MAEN,25
HERL,MAEN,25
ML,MAEN,111
UET,MAEN,104
ZUE,STAE,111
ZSTH,STAE,111
ZTB,STAE,26
ZOER,STAE,99
ZFH,STAE,6
ZHDB,STAE,106
ZK,STAE,25
KUES,STAE,32
ERLB,STAE,25
HERL,STAE,25
ML,STAE,111
UET,STAE,104
MAEN,STAE,111
ZUE,UER,86
ZSTH,UER,86
ZTB,UER,9
ZOER,UER,83
ZFH,UER,5
ZHDB,UER,83
ZK,UER,8
KUES,UER,8
ERLB,UER,8
HERL,UER,8
ML,UER,86
UET,UER,86
MAEN,UER,86
STAE,UER,86
ZUE,KGO,178
ZSTH,KGO,178
ZTB,KGO,178
ZOER,KGO,170
ZSEB,KGO,62
ZAF,KGO,62
ZFH,KGO,94
ZHDB,KGO,171
ZK,KGO,178
KUES,KGO,178
ERLB,KGO,178
HERL,KGO,178
ML,KGO,101
UET,KGO,88
MAEN,KGO,25
STAE,KGO,25
UER,KGO,8
RW,KGO,8
ZUE,ORD,215
ZOER,ORD,206
ZWOL,ORD,206
ZEN,ORD,214
ZWIE,ORD,214
ZFH,ORD,10
RW,ORD,9
WS,ORD,196
KIL,ORD,206
RUES,ORD,206
TW,ORD,215
ZUE,HG,329
ZOER,HG,320
ZWOL,HG,206
ZEN,HG,328
ZWIE,HG,328
ZFH,HG,124
RW,HG,9
WS,HG,196
KIL,HG,206
RUES,HG,206
TW,HG,329
ORD,HG,215
ZUE,WAE,460
ZOER,WAE,312
ZWOL,WAE,206
ZEN,WAE,320
ZWIE,WAE,320
ZFH,WAE,116
RW,WAE,9
WS,WAE,196
KIL,WAE,206
RUES,WAE,206
TW,WAE,400
ORD,WAE,215
HG,WAE,321
ZUE,RI,318
ZOER,RI,309
ZWOL,RI,203
ZEN,RI,317
ZWIE,RI,317
ZFH,RI,116
RW,RI,9
WS,RI,193
KIL,RI,203
RUES,RI,203
TW,RI,318
ORD,RI,212
HG,RI,318
WAE,RI,318
ZUE,LA,286
ZOER,LA,220
ZWOL,LA,108
ZEN,LA,222
ZWIE,LA,222
ZFH,LA,116
WS,LA,104
KIL,LA,108
RUES,LA,108
TW,LA,226
ORD,LA,116
HG,LA,222
WAE,LA,286
RI,LA,222
PF,LA,287
ZUE,SIB,346
ZOER,SIB,209
ZWOL,SIB,95
ZEN,SIB,209
ZWIE,SIB,209
ZFH,SIB,116
WS,SIB,93
KIL,SIB,95
RUES,SIB,95
TW,SIB,286
ORD,SIB,104
HG,SIB,210
WAE,SIB,346
RI,SIB,210
PF,SIB,347
LA,SIB,274
ZUE,ZB,349
ZOER,ZB,209
ZWOL,ZB,95
ZEN,ZB,209
ZWIE,ZB,209
ZFH,ZB,116
RW,ZB,46
SCME,ZB,47
UZ,ZB,87
WS,ZB,93
KIL,ZB,95
RUES,ZB,95
TW,ZB,289
ORD,ZB,104
HG,ZB,210
WAE,ZB,349
RI,ZB,210
PF,ZB,350
LA,ZB,274
SIB,ZB,367
ZUE,NAEF,55
RW,NAEF,44
SCME,NAEF,45
UZ,NAEF,44
WAE,NAEF,55
PF,NAEF,55
LA,NAEF,55
SIB,NAEF,55
ZB,NAEF,109
ZUE,GL,55
RW,GL,44
SCME,GL,45
UZ,GL,44
WAE,GL,55
PF,GL,55
LA,GL,55
SIB,GL,55
ZB,GL,109
NAEF,GL,109
ZUE,KN,91
ZSTH,KN,91
ZOER,KN,14
ZHDB,KN,83
RW,KN,1
JO,KN,1
RUE,KN,1
BUB,KN,1
WZ,KN,106
HI,KN,3
STET,KN,91
ZUE,KL,98
ZSTH,KL,94
ZTB,KL,16
ZOER,KL,98
ZHDB,KL,98
ZK,KL,14
KUES,KL,14
ERLB,KL,14
HERL,KL,14
ML,KL,93
UET,KL,93
MAEN,KL,93
STAE,KL,93
UER,KL,78
RW,KL,78
KGO,KL,14
EF,KL,83
BSD,KL,98
ZUE,GLB,200
ZSTH,GLB,187
ZOER,GLB,200
ZHDB,GLB,200
RW,GLB,85
JO,GLB,85
RUE,GLB,85
BUB,GLB,85
WZ,GLB,99
UST,GLB,173
NAEN,GLB,94
SCWE,GLB,94
DUE,GLB,95
STET,GLB,114
KN,GLB,14
PFZ,GLB,14
FET,GLB,14
IL,GLB,14
EF,GLB,14
DTL,GLB,14
ZUE,RUEM,186
ZSTH,RUEM,173
ZOER,RUEM,186
ZHDB,RUEM,186
RW,RUEM,85
JO,RUEM,85
RUE,RUEM,85
BUB,RUEM,85
WZ,RUEM,85
UST,RUEM,173
NAEN,RUEM,94
SCWE,RUEM,94
DUE,RUEM,95
STET,RUEM,100
GLB,RUEM,186
ZUE,OGL,186
ZSTH,OGL,173
ZOER,OGL,186
ZHDB,OGL,186
RW,OGL,85
JO,OGL,85
RUE,OGL,85
BUB,OGL,85
WZ,OGL,85
UST,OGL,173
NAEN,OGL,94
SCWE,OGL,94
DUE,OGL,95
STET,OGL,100
GLB,OGL,186
RUEM,OGL,186
ZUE,NIE,87
ZSTH,NIE,79
ZOER,NIE,87
ZHDB,NIE,87
RW,NIE,79
JO,NIE,79
RUE,NIE,79
BUB,NIE,79
WZ,NIE,79
UST,NIE,79
DUE,NIE,1
STET,NIE,6
GLB,NIE,87
RUEM,NIE,87
OGL,NIE,91
ZUE,DI,87
ZSTH,DI,79
ZOER,DI,87
ZHDB,DI,87
RW,DI,79
JO,DI,79
RUE,DI,79
BUB,DI,79
WZ,DI,79
UST,DI,79
DUE,DI,1
STET,DI,6
GLB,DI,87
RUEM,DI,87
OGL,DI,91
NIE,DI,91
ZUE,OP,98
ZSTH,OP,94
ZTB,OP,16
ZOER,OP,98
ZHDB,OP,98
ZK,OP,14
KUES,OP,14
ERLB,OP,14
HERL,OP,14
ML,OP,93
UET,OP,93
MAEN,OP,93
STAE,OP,93
UER,OP,78
RW,OP,78
KGO,OP,14
EF,OP,83
BSD,OP,98
KL,OP,98
ZUE,HUEW,83
ZSTH,HUEW,80
ZOER,HUEW,83
ZHDB,HUEW,83
RW,HUEW,6
JO,HUEW,6
RUE,HUEW,6
BUB,HUEW,6
WZ,HUEW,6
UST,HUEW,80
NAEN,HUEW,80
SCWE,HUEW,80
DUE,HUEW,80
STET,HUEW,80
GLB,HUEW,83
RUEM,HUEW,83
OGL,HUEW,83
BUE,HUEW,91
EGL,HUEW,91
ZUE,RZ,83
ZSTH,RZ,80
ZOER,RZ,83
ZHDB,RZ,83
RW,RZ,6
JO,RZ,6
RUE,RZ,6
BUB,RZ,6
WZ,RZ,6
UST,RZ,80
NAEN,RZ,80
SCWE,RZ,80
DUE,RZ,80
STET,RZ,80
GLB,RZ,83
RUEM,RZ,83
OGL,RZ,83
BUE,RZ,91
EGL,RZ,91
HUEW,RZ,91
ZUE,REG,106
ZSTH,REG,87
ZTB,REG,87
ZOER,REG,108
ZSEB,REG,92
ZAF,REG,101
ZHDB,REG,106
ZK,REG,62
KUES,REG,62
ERLB,REG,62
HERL,REG,62
ML,REG,62
UET,REG,62
KGO,REG,62
BD,REG,75
WE,REG,75
ZUE,BUD,75
ZSTH,BUD,74
ZTB,BUD,74
ZOER,BUD,77
ZSEB,BUD,77
ZAF,BUD,77
ZHDB,BUD,75
ZK,BUD,62
KUES,BUD,62
ERLB,BUD,62
HERL,BUD,62
ML,BUD,62
UET,BUD,62
KGO,BUD,62
BD,BUD,75
WE,BUD,75
REG,BUD,77
ZUE,OF,75
ZSTH,OF,74
ZTB,OF,74
ZOER,OF,77
ZSEB,OF,77
ZAF,OF,77
ZHDB,OF,75
ZK,OF,62
KUES,OF,62
ERLB,OF,62
HERL,OF,62
ML,OF,62
UET,OF,62
KGO,OF,62
BD,OF,75
WE,OF,75
REG,OF,77
BUD,OF,77
ZUE,RS,30
ZOER,RS,30
ZFH,RS,30
UZ,RS,36
W,RS,33
WGR,RS,2
AD,RS,4
EL,RS,4
WF,RS,38
AW,RS,38
RH,RS,81
WA,RS,71
UZW,RS,37
FLA,RS,37
GSS,RS,37
HE,RS,74
DG,RS,71
SG,RS,167
SGF,RS,131
GOL,RS,131
ARB,RS,89
ZUE,HEBG,30
ZOER,HEBG,30
ZFH,HEBG,30
UZ,HEBG,36
W,HEBG,30
WA,HEBG,70
UZW,HEBG,32
FLA,HEBG,32
GSS,HEBG,32
HE,HEBG,72
DG,HEBG,70
SG,HEBG,122
SGF,HEBG,84
GOL,HEBG,84
RS,HEBG,246
RCK,HEBG,176
SMG,HEBG,247
ZUE,ALT,30
ZOER,ALT,30
ZFH,ALT,30
UZ,ALT,36
W,ALT,30
WA,ALT,70
UZW,ALT,32
FLA,ALT,32
GSS,ALT,32
HE,ALT,72
DG,ALT,70
SG,ALT,122
SGF,ALT,84
GOL,ALT,84
RS,ALT,245
RCK,ALT,177
SMG,ALT,250
HEBG,ALT,247
ZUE,BRAG,110
ZOER,BRAG,30
ZWOL,BRAG,1
ZEN,BRAG,2
ZWIE,BRAG,2
ZFH,BRAG,29
WS,BRAG,1
KIL,BRAG,1
RUES,BRAG,1
TW,BRAG,82
ORD,BRAG,2
HG,BRAG,3
WAE,BRAG,82
RI,BRAG,3
PF,BRAG,82
LA,BRAG,6
SIB,BRAG,79
ZB,BRAG,82
EF,BRAG,1
DTL,BRAG,1
W,BRAG,28
UZW,BRAG,30
FLA,BRAG,30
GSS,BRAG,30
SG,BRAG,30
RS,BRAG,61
RCK,BRAG,1
SMG,BRAG,61
HEBG,BRAG,61
ALT,BRAG,61
CH,BRAG,221
LQ,BRAG,222
ZUE,BU,57
ZOER,BU,30
ZFH,BU,30
UZ,BU,36
W,BU,30
WA,BU,38
UZW,BU,32
FLA,BU,32
GSS,BU,32
HE,BU,40
DG,BU,38
SG,BU,78
SGF,BU,40
GOL,BU,40
RS,BU,160
RCK,BU,90
SMG,BU,160
HEBG,BU,160
ALT,BU,161
RSST,BU,40
CH,BU,60
LQ,BU,61
BRAG,BU,61
ZUE,WAL,80
ZOER,WAL,2
ZWOL,WAL,1
ZEN,WAL,2
ZWIE,WAL,2
ZFH,WAL,1
UZ,WAL,41
WS,WAL,1
KIL,WAL,1
RUES,WAL,1
TW,WAL,79
ORD,WAL,2
HG,WAL,3
WAE,WAL,79
RI,WAL,3
PF,WAL,79
LA,WAL,6
SIB,WAL,79
ZB,WAL,122
EF,WAL,1
DTL,WAL,1
CH,WAL,80
LQ,WAL,80
BRAG,WAL,79
SA,WAL,123
RW,SCME,120
RW,UZ,120
SCME,UZ,121
RW,EIS,65
WAE,EIS,87
PF,EIS,65
RW,BIB,140
SCME,BIB,57
UZ,BIB,57
WAE,BIB,87
PF,BIB,140
EIS,BIB,159
RW,KUE,52
SCME,KUE,52
UZ,KUE,52
PF,KUE,52
BIB,KUE,52
LZ,KUE,135
RW,WA,67
SCME,WA,68
UZ,WA,153
PF,WA,57
BIB,WA,57
LZ,WA,52
KUE,WA,52
GD,WA,52
RW,HE,67
SCME,HE,68
UZ,HE,152
PF,HE,57
BIB,HE,57
LZ,HE,52
KUE,HE,52
GD,HE,52
RH,HE,30
KRH,HE,30
WA,HE,224
GSS,HE,69
RW,DG,7
SCME,DG,8
UZ,DG,92
PF,DG,1
BIB,DG,1
WA,DG,164
HE,DG,164
UZ,SGF,40
SH,SGF,74
W,SGF,3
WGR,SGF,2
AD,SGF,4
EL,SGF,4
RH,SGF,97
KRH,SGF,87
KR,SGF,87
STR,SGF,75
WA,SGF,75
UZW,SGF,5
FLA,SGF,5
GSS,SGF,5
HE,SGF,86
DG,SGF,75
SG,SGF,298
UZ,GOL,40
W,GOL,3
WGR,GOL,2
AD,GOL,4
EL,GOL,4
WA,GOL,75
UZW,GOL,5
FLA,GOL,5
GSS,GOL,5
HE,GOL,86
DG,GOL,75
SG,GOL,179
SGF,GOL,180
UZ,RCK,36
W,RCK,3
WGR,RCK,2
AD,RCK,4
EL,RCK,4
WA,RCK,70
UZW,RCK,5
FLA,RCK,5
GSS,RCK,5
HE,RCK,73
DG,RCK,70
SG,RCK,128
SGF,RCK,129
GOL,RCK,129
RS,RCK,224
UZ,RSST,36
W,RSST,3
WGR,RSST,2
AD,RSST,4
EL,RSST,4
WA,RSST,71
UZW,RSST,5
FLA,RSST,5
GSS,RSST,5
HE,RSST,74
DG,RSST,71
SG,RSST,131
SGF,RSST,133
GOL,RSST,162
RS,RSST,131
RCK,RSST,129
SMG,RSST,129
HEBG,RSST,84
ALT,RSST,84
BUE,EMB,89
W,EMB,89
BUE,PFU,89
W,PFU,89
EMB,PFU,89
NH,STR,6
SH,STR,147
W,STR,78
OWT,STR,72
SEU,STR,105
WWAL,STR,72
HGT,STR,6
AN,STR,6
MTL,STR,6
RH,STR,78
KRH,STR,78
KR,STR,94
SH,KRH,77
WF,KRH,1
RH,KRH,169
NE,CF,77
BI,CF,41
SCB,CF,83
STI,CF,83
NE,LOC,1
CF,LOC,92
BI,STI,42
SCB,STI,84
BI,LY,166
KZ,LY,39
LZ,BRZ,27
IO,BRZ,96
LZ,MR,34
IO,MR,96
BRZ,MR,96
LZ,GI,194
IO,GI,27
BRZ,GI,27
MR,GI,66
LZ,SAR,203
IO,SAR,27
BRZ,SAR,27
MR,SAR,34
GI,SAR,208
LZ,HGW,356
GI,HGW,160
SAR,HGW,169
LZ,HW,335
GI,HW,160
SAR,HW,160
HGW,HW,335
LZ,SSTA,187
HGW,SSTA,187
HW,SSTA,175
LZ,STAN,222
HGW,STAN,187
HW,STAN,175
SSTA,STAN,187
LZ,EBG,46
HGW,EBG,11
HW,EBG,11
SSTA,EBG,11
STAN,EBG,46
LZ,KRM,326
GI,KRM,160
SAR,KRM,160
HGW,KRM,326
HW,KRM,326
SSTA,KRM,166
STAN,KRM,166
EBG,KRM,2
ER,GIU,42
GOE,GIU,43
BIA,GIU,109
BEL,GIU,385
BIA,CD,52
BEL,CD,151
GIU,CD,150
LO,CD,130
TEN,CD,130
WF,ARB,38
AW,ARB,38
RH,ARB,89
CH,SCRS,31
LQ,SCRS,119
CH,DAD,3
LQ,DAD,47
SCRS,DAD,47
CH,DAV,3
LQ,DAV,50
SCRS,DAV,48
DAD,DAV,119
CH,AROS,47
CH,ILZ,48
LQ,ILZ,30
CH,THS,84
LQ,THS,5
SCRS,THS,2
DIS,THS,2
CH,FILI,51
LQ,FILI,4
DAV,FILI,38
DIS,FILI,8
THS,FILI,42
CH,BEBR,44
LQ,BEBR,2
DAV,BEBR,3
DIS,BEBR,2
THS,BEBR,42
FILI,BEBR,45
CH,SAME,43
LQ,SAME,17
SCRS,SAME,14
DAV,SAME,3
DIS,SAME,8
THS,SAME,37
FILI,SAME,46
BEBR,SAME,43
CH,SMOR,40
LQ,SMOR,14
SCRS,SMOR,13
DIS,SMOR,8
THS,SMOR,34
FILI,SMOR,40
BEBR,SMOR,35
SAME,SMOR,81
CH,PORE,4
LQ,PORE,2
DAV,PORE,3
THS,PORE,2
FILI,PORE,6
BEBR,PORE,6
SAME,PORE,49
SMOR,PORE,43
LQ,ZEZ,15
SCRS,ZEZ,14
SAME,ZEZ,56
SMOR,ZEZ,20
PORE,ZEZ,34
LQ,SCTA,28
SCRS,SCTA,28
SAME,SCTA,28
SMOR,SCTA,2
PORE,SCTA,26
ZEZ,SCTA,28
LQ,SAGL,29
SCRS,SAGL,29
SAME,SAGL,37
SMOR,SAGL,3
PORE,SAGL,34
ZEZ,SAGL,37
SCTA,SAGL,63
